[
  {
    "id": "Hedef1",
    "x": 569.3194858163353,
    "y": 580.4367917149398,
    "z": 91.52388456687355,
    "speed": 9.108745705911621,
    "direction": 134.95879321468493,
    "wp_index": 1,
    "waypoints": [
      {
        "x": 750.0,
        "y": 400.0,
        "z": 87.55370502427809
      },
      {
        "x": 400.0,
        "y": 750.0,
        "z": 87.55370502427809
      },
      {
        "x": 50.0,
        "y": 400.00000000000006,
        "z": 87.55370502427809
      },
      {
        "x": 399.99999999999994,
        "y": 50.0,
        "z": 87.55370502427809
      },
      {
        "x": 400,
        "y": 400,
        "z": 87.55370502427809
      }
    ]
  },
  {
    "id": "Hedef2",
    "x": 283.4606704464992,
    "y": 633.1980644465635,
    "z": 76.71621396870918,
    "speed": 6.131939859447622,
    "direction": 224.96775756509444,
    "wp_index": 2,
    "waypoints": [
      {
        "x": 750.0,
        "y": 400.0,
        "z": 74.02129911268368
      },
      {
        "x": 400.0,
        "y": 750.0,
        "z": 74.02129911268368
      },
      {
        "x": 50.0,
        "y": 400.00000000000006,
        "z": 74.02129911268368
      },
      {
        "x": 399.99999999999994,
        "y": 50.0,
        "z": 74.02129911268368
      },
      {
        "x": 400,
        "y": 400,
        "z": 74.02129911268368
      }
    ]
  },
  {
    "id": "Hedef3",
    "x": 505.92240162870763,
    "y": 643.980026583289,
    "z": 102.13800297739928,
    "speed": 7.1467801362041765,
    "direction": 134.9736227771535,
    "wp_index": 1,
    "waypoints": [
      {
        "x": 750.0,
        "y": 400.0,
        "z": 92.61851530128186
      },
      {
        "x": 400.0,
        "y": 750.0,
        "z": 92.61851530128186
      },
      {
        "x": 50.0,
        "y": 400.00000000000006,
        "z": 92.61851530128186
      },
      {
        "x": 399.99999999999994,
        "y": 50.0,
        "z": 92.61851530128186
      },
      {
        "x": 400,
        "y": 400,
        "z": 92.61851530128186
      }
    ]
  },
  {
    "id": "Hedef4",
    "x": 534.0586373048602,
    "y": 615.7800824715695,
    "z": 79.65112453525975,
    "speed": 12.312139502410012,
    "direction": 134.9655556702173,
    "wp_index": 1,
    "waypoints": [
      {
        "x": 750.0,
        "y": 400.0,
        "z": 76.08545695126558
      },
      {
        "x": 400.0,
        "y": 750.0,
        "z": 76.08545695126558
      },
      {
        "x": 50.0,
        "y": 400.00000000000006,
        "z": 76.08545695126558
      },
      {
        "x": 399.99999999999994,
        "y": 50.0,
        "z": 76.08545695126558
      },
      {
        "x": 400,
        "y": 400,
        "z": 76.08545695126558
      }
    ]
  },
  {
    "id": "Hedef5",
    "x": 427.91529199299646,
    "y": 722.0244126269487,
    "z": 80.16075293005845,
    "speed": 11.741690068216691,
    "direction": 134.93818903011982,
    "wp_index": 1,
    "waypoints": [
      {
        "x": 750.0,
        "y": 400.0,
        "z": 79.53186674046601
      },
      {
        "x": 400.0,
        "y": 750.0,
        "z": 79.53186674046601
      },
      {
        "x": 50.0,
        "y": 400.00000000000006,
        "z": 79.53186674046601
      },
      {
        "x": 399.99999999999994,
        "y": 50.0,
        "z": 79.53186674046601
      },
      {
        "x": 400,
        "y": 400,
        "z": 79.53186674046601
      }
    ]
  },
  {
    "id": "Hedef6",
    "x": 456.04813235851105,
    "y": 693.8096895294934,
    "z": 70.34608755845494,
    "speed": 8.434505399295059,
    "direction": 134.92742057717598,
    "wp_index": 1,
    "waypoints": [
      {
        "x": 750.0,
        "y": 400.0,
        "z": 70.76883599630058
      },
      {
        "x": 400.0,
        "y": 750.0,
        "z": 70.76883599630058
      },
      {
        "x": 50.0,
        "y": 400.00000000000006,
        "z": 70.76883599630058
      },
      {
        "x": 399.99999999999994,
        "y": 50.0,
        "z": 70.76883599630058
      },
      {
        "x": 400,
        "y": 400,
        "z": 70.76883599630058
      }
    ]
  },
  {
    "id": "hava_1",
    "x": 432.2650275235931,
    "y": 633.5361902258123,
    "cap": 56.64255500102517
  },
  {
    "id": "hava_2",
    "x": 264.3411495031597,
    "y": 498.7647649159277,
    "cap": 43.4098658659149
  },
  {
    "id": "kamik1",
    "x": 404.3949914875672,
    "y": 380.39412480185155,
    "z": 48.103067124173194,
    "speed": 0,
    "direction": 0
  },
  {
    "id": "ilger1",
    "x": 505.60418191021614,
    "y": 644.0965432431232,
    "z": 82.65113373099707,
    "speed": 16.832991606672763,
    "direction": 134.91892881839811,
    "wp_index": 1,
    "waypoints": [
      {
        "x": 750.0,
        "y": 400.0,
        "z": 70.47277788410601
      },
      {
        "x": 400.0,
        "y": 750.0,
        "z": 70.47277788410601
      },
      {
        "x": 50.0,
        "y": 400.00000000000006,
        "z": 70.47277788410601
      },
      {
        "x": 399.99999999999994,
        "y": 50.0,
        "z": 70.47277788410601
      },
      {
        "x": 400,
        "y": 400,
        "z": 70.47277788410601
      }
    ]
  }
]